1,Sitetime,Stream,code,Month,year,YrMo,Stream#,Date,Fire,Rip M-H burn,Rip burn,Basin M-H burn,Basin burn,burn debris,BurnDfRef,trout,Burntrtref,Burn trout,Burn trout  w all,yrs code,StreamDried,NEW Gage,SAN JOSE DISCHARGE,SAN JOSEAvg Daily Disch,SAN JOSE Max disch,DOSD Nr nrst gage,Avg Daily Disch  Nr nrst gage,Max disch  Nr nrst gage,Cumulative Junes dry,Preceding Yr Dry  Duration (ys),Time since dry,Elevation,Latitude,Longitude,yrs since burned,yrs since Disturbance,avg % canopy cover,Max Depth,Avg Max depth,Avg Sed. Depth, temp,DO,FLOW,Conductivity,Leaf CPOM wet wt,Algae CPOM wet wt,Nitella aquatic veg CPOM wet wt,Total inverts,Total non-insects,Total insects,Total amphibians,Turbellaria,Mollusks ,Crustacea,Ephemerop,Plecoptera,Trichoptera,EPT,Odonata,Coleoptera,Hemiptera,OCH,Megaloptera ,Diptera,Sensitive,Medium,Tolerant,Coll-gath,Coll-filt,Filter-lent,Grazer,Predator,Piercer,Shredder,Semi,Uni,Multi,Fast seas,Non-seas,small,medium,large,Cold steno,Cool/warm eury,Warm eury,Pool,Mixed,Riffle,No wings,Weak flght,Strong flght,Rare drift,Occ-com drift,Abund drift,Cut resp,Gills,Atmospheric,Taxa richness,Pielou's J,rarified # taxa,Biotic index,Thermal index,NMS1,NMS2,NMS3,NMS1 13-20,NMS2 13-20,NMS3 13-20,pH,CPOM PH,CPOM PS,FPOM PH,FPOM PS,PH  AFDM(Org),PH Inorg Sed.,PS  AFDM(Org),PS Inorg Sed.,Pool Soft Chl a,Pool Hard Chl a,Av Curr vel  PH,Av Curr vel  PS,Av Depth  PH,Av Depth  PS,Clad PH,Clad PS,Macro PH,Macro PS
2,200812aho,Arroyo Hondo,aho,12,2008,200812,3,12/13/08,Gaviota,0,0,0,0,0,0,1,01,1,1,2,1,HO00,0.0133,0.0083,0.0351,0.0031,0.0018,0.0092,,0,,75,34.489907,-120.143013,4.5,4.5,78.89,0.93,0.79,,11.60,10.12,,784.00,,,,356,0,356,0,0,0,0,229,0,108,337,1,9,0,10,6,3,242,106,7,214,0,1,23,14,0,103,1,336,19,239,117,47,308,1,51,304,1,273,9,73,0,352,4,90,259,7,4,346,6,18,0.57,11.2,0.5166,15.2664,,,,,,,8.34,5.83,45.5,0.92,5.4,1.732,5.468,5.089,22.303,20.64,10.23,0.020,0.010,0.33,0.66,0.0,0.0,0.0,0.0
4,200812ecm,El Capitan usual,ecm,12,2008,200812,8,12/16/08,,0,0,0,0,0,0,0,00,0,0,4,1,HO00,0.0411,0.0119,0.2466,0.0109,0.0028,0.0681,,0,,124,34.482938,-120.017658,53.25,53.25,44.59,0.55,0.39,,10.00,10.40,,590.50,,,,176,17,159,0,0,17,0,58,1,12,71,2,9,71,82,5,1,29,28,119,58,1,0,20,83,2,12,2,52,122,155,21,62,111,3,15,157,4,132,26,18,17,81,78,137,32.6,6,2,80,94,20,0.78,15.9,2.4211,15.5731,,,,,,,8.20,3.72,16.7,0.14,2.7,0.455,1.180,4.331,21.654,15.68,4.45,0.068,0.032,0.21,0.20,0.0,0.0,0.0,0.0
6,200812ref,Refugio,ref,12,2008,200812,6,12/13/08,,0.00,0.00,0.00,0.00,0,0,0,00,0,0,4,1,HO00,0.0133,0.0083,0.0351,0.0031,0.0018,0.0092,,0,,126,34.506218,-120.064933,53.25,53.25,71.76,0.50,0.41,,10.60,9.61,,644.00,,,,290,12,278,0,0,12,0,30,2,82,114,3,129,26,158,6,0,16,229,44,17,0,0,46,140,4,83,15,227,47,184,105,163,124,2,98,191,0,230,14,45,12,142,136,250,36,4,2,142,146,19,0.73,14.2,2.1266,17.1472,,,,,,,8.29,1.29,31.9,0.20,8.2,0.812,4.547,8.120,51.969,12.80,7.04,0.010,0.012,0.26,0.32,0.0,0.0,0.0,0.0
7,200812rom,Romero,rom,12,2008,200812,25,12/19/08,,0.00,0.00,0.00,0.00,0,0,0,00,0,0,4,1,RS02,0.0212,0.0124,0.2466,0.0131,0.0113,0.0525,0,0,,360,34.458571,-119.591069,37.2,37.2,97.97,0.55,0.40,,12.90,9.28,,811.00,,,,747,57,690,0,57,0,0,386,6,183,575,76,18,21,115,0,0,428,291,24,373,0,0,18,169,2,185,42,501,200,478,265,153,541,49,236,473,34,273,96,374,57,610,80,156,466,125,66,645,36,25,0.69,13.1,2.3624,15.4455,,,,,,,8.27,3.50,22.3,0.68,5.0,1.083,1.083,6.496,25.010,30.90,6.42,0.010,0.006,0.29,0.17,0.0,0.0,0.0,0.0
8,200812sau,San Antonio upper,sau,12,2008,200812,13,12/20/08,,0.00,0.00,0.00,0.00,0,0,0,00,0,0,4,1,Mission ,0.0198,0.0125,0.2466,0.0096,0.0066,0.1577,,0,,138,34.467248,-119.773120,18.5,18.5,46.76,0.42,0.29,,11.90,5.29,,1942.50,,,,249,75,174,0,1,74,0,46,2,24,72,11,28,48,87,1,14,7,50,192,48,0,12,74,85,4,26,7,78,164,201,48,159,85,5,20,227,2,163,81,5,75,95,79,243,6,0,3,82,164,18,0.76,13.4,4.2353,19.1863,,,,,,,7.38,3.35,10.6,0.67,2.1,0.289,0.938,4.114,45.365,14.67,2.92,0.002,0.000,0.17,0.22,0.0,0.0,8.0,0.0
9,200812sjo,San Jose,sjo,12,2008,200812,10,12/17/08,,0.00,0.00,0.00,0.00,0,0,1,01,1,1,4,1,San Jose,0.0297,0.0122,0.2466,0.0297,0.0122,0.2466,,0,,321,34.492925,-119.803048,53.25,53.25,84.19,1.20,0.83,,10.20,10.96,,737.50,,,,232,12,220,0,1,11,0,26,4,180,210,3,6,0,9,1,0,55,163,14,23,2,0,18,15,0,174,3,198,31,46,186,41,189,2,35,193,4,160,17,55,12,213,7,176,51,5,13,205,14,22,0.52,13.6,1.2147,17.0235,,,,,,,8.49,3.00,34.1,0.57,1.7,0.514,1.786,3.681,28.150,23.61,7.31,0.030,0.012,0.33,0.44,0.0,0.0,0.0,0.0
10,200812sou,San Onofre upper,sou,12,2008,200812,2,12/12/08,Gaviota,0.00,0.00,0.00,0.00,0,0,0,00,0,0,3,1,HO00,0.0113,0.0083,0.0351,0.0026,0.0017,0.0092,0,0,,94,34.481451,-120.189003,4.5,4.5,67.03,0.96,0.66,,12.50,9.49,,864.00,,,,336,2,334,0,2,0,0,188,1,46,235,10,46,38,94,5,0,105,72,158,180,0,0,26,70,14,46,8,183,144,253,82,156,172,7,44,282,9,244,30,62,2,262,72,216,118,2,3,267,66,24,0.73,16.1,3.5334,15.6649,,,,,,,8.24,4.15,15.5,1.03,6.6,0.474,2.577,6.713,47.638,15.31,4.74,0.026,0.016,0.17,0.44,0.0,0.0,0.0,0.0
11,200812sys,San Ysidro,sys,12,2008,200812,24,12/19/08,,0.00,0.00,0.00,0.00,0,0,1,01,1,1,4,1,RS02,0.0212,0.0124,0.2466,0.0131,0.0113,0.0525,0,0,,199,34.452924,-119.621784,91.5,44.3,89.59,0.78,0.52,,13.50,9.56,,804.50,,,,164,17,147,0,6,11,0,30,1,86,117,21,8,0,29,0,1,66,83,14,28,3,1,19,31,0,82,10,109,44,55,108,52,100,11,68,84,11,32,21,110,17,133,14,66,72,26,12,136,16,21,0.71,15.3,1.8571,16.6840,,,,,,,8.32,10.03,18.4,1.13,4.6,0.920,2.490,7.146,38.760,35.54,12.12,0.002,0.002,0.17,0.17,0.0,0.0,0.0,0.0
12,20093aho,Arroyo Hondo,aho,3,2009,20093,3,3/27/09,Gaviota,0,0,0,0,0,0,1,01,1,1,2,1,HO00,0.0125,0.0260,0.5267,0.0029,0.0067,0.1461,,0,,75,34.489907,-120.143013,4.75,4.75,81.89,1.40,0.90,,13.00,9.27,,740.00,,,,490,0,490,0,0,0,0,168,1,312,481,1,5,0,6,2,1,394,95,1,142,0,0,31,6,0,311,1,403,86,174,316,118,371,1,285,205,0,140,3,347,0,488,2,89,368,33,2,487,1,14,0.55,7.9,0.5690,15.7504,1.11129,-0.40139,0.10981,,,,8.25,1.0,9.7,0.0,3.7,0.346,0.758,1.732,9.419,9.02,2.25,0.03,0.034,0.29,0.45,0.0,0.4,0.0,0.4
15,20093ecm,El Capitan usual,ecm,3,2009,20093,8,3/26/09,,0,0,0,0,0,0,0,00,0,0,4,1,HO00,0.0119,0.0260,0.5267,0.0028,0.0067,0.1461,,0,,124,34.482938,-120.017658,53.5,53.5,42.30,0.50,0.38,,14.90,9.82,,637.00,,,,510,16,494,2,0,16,0,290,3,131,424,5,29,36,70,0,0,347,82,72,273,0,0,36,71,3,129,10,384,107,354,147,101,397,3,145,346,10,265,49,198,16,430,64,96,365,49,5,425,80,24,0.61,13.7,0.8872,15.5548,0.85274,-0.57383,0.41122,,,,8.15,1.6,6.8,0.4,3.7,0.433,1.047,1.624,4.980,5.07,2.20,0.026,0.01,0.19,0.22,0.0,0.0,0.0,0.0
16,20093mrn,Mission at Rocky Nook,mrn,3,2009,20093,18,3/27/09,Tea,0.00,0.00,0.02,0.10,0,0,1,01,1,4,4,1,Mission,0.0125,0.0260,0.5267,0.0040,0.0148,0.3341,,0,,129,34.443747,-119.709493,91.75,91.8,91.22,0.66,0.40,,12.90,8.79,,909.00,,,,448,3,445,0,1,2,0,260,0,167,427,7,11,0,18,0,0,307,124,9,257,0,0,10,18,0,163,2,311,135,270,170,147,288,13,57,382,9,372,11,65,3,437,8,255,191,2,5,434,9,20,0.59,9.9,1.3266,15.3505,0.84908,-0.6369,-0.55221,,,,8.11,3.5,16.4,1.0,4.9,0.974,3.609,4.114,16.728,14.22,15.48,0.008,0.012,0.19,0.26,0.0,0.2,0.0,0.2
13,20093bgu,Mission SBBG upper,bgu,3,2009,20093,16,3/24/09,,0.00,0.00,0.00,0.00,0,0,0,00,0,0,4,1,Mission ,0.0153,0.0262,0.5267,0.0054,0.0150,0.3341,,0,,232,34.460483,-119.710120,91.75,47.3,92.43,0.50,0.30,,10.30,9.70,,804.00,,,,565,8,557,0,0,8,0,143,0,336,479,27,42,7,76,0,2,335,173,39,138,0,0,42,40,12,333,1,463,101,177,370,145,389,31,222,315,28,236,47,282,8,525,32,258,294,13,4,530,31,23,0.68,14.7,1.2728,16.1530,0.89314,-0.23792,-0.22661,,,,7.98,1.3,15.9,0.2,6.4,0.346,1.018,5.836,26.618,23.73,6.43,0.056,0.038,0.16,0.26,0.0,0.0,0.0,0.0
18,20093rau,Rattlesnake upper,rau,3,2009,20093,20,3/23/09,,0.00,0.00,0.00,0.00,0,0,1,01,1,1,4,1,RS02,0.0164,0.0262,0.5267,0.0110,0.0149,0.1337,,0,,476,34.470763,-119.688856,44.5,44.5,99.46,0.97,0.70,,12.20,9.79,,798.00,,,,527,4,523,0,2,2,0,46,1,452,499,20,4,0,24,0,0,501,22,4,46,0,0,5,24,0,452,13,500,14,57,470,17,492,18,459,66,2,51,12,464,4,506,17,32,491,4,4,520,3,16,0.25,6.8,0.8522,15.7056,1.35913,-0.06756,0.22602,,,,8.31,10.5,140.8,3.4,58.3,2.209,3.865,5.359,10.448,25.55,15.73,0.018,0.022,0.37,0.67,0.0,2.6,0.0,2.6
19,20093ref,Refugio,ref,3,2009,20093,6,3/28/09,,0.00,0.00,0.00,0.00,0,0,0,00,0,0,4,1,HO00,0.0127,0.0259,0.5267,0.0030,0.0066,0.1461,,0,,126,34.506218,-120.064933,53.5,53.5,85.14,0.70,0.48,,13.50,9.43,,699.00,,,,982,24,958,0,0,24,0,267,0,473,740,12,157,38,207,8,3,590,313,77,254,0,0,84,178,0,466,5,882,93,487,493,229,743,8,481,493,6,496,31,455,24,797,161,353,606,23,0,798,184,26,0.61,12.5,1.4093,15.7808,0.877,-0.18847,-0.04699,,,,8.25,2.2,13.8,0.5,9.5,0.947,4.574,7.146,54.351,14.79,0.17,0.018,0.006,0.23,0.32,0.0,0.0,0.0,0.0
20,20093rom,Romero,rom,3,2009,20093,25,3/21/09,,0.00,0.00,0.00,0.00,0,0,0,00,0,0,4,1,RS02,0.0144,0.0263,0.5267,0.0114,0.0150,0.1337,0,0,,360,34.458571,-119.591069,37.45,37.45,91.62,0.60,0.38,,12.50,9.53,,624.00,,,,975,26,949,0,26,0,0,202,8,580,790,123,22,13,158,0,1,623,326,18,170,2,0,43,199,2,559,71,826,70,252,715,77,803,87,526,399,42,289,116,570,26,837,112,306,635,34,50,891,34,31,0.63,15.9,1.3725,15.8566,1.0841,-0.04778,-0.13515,,,,8.10,2.5,17.8,0.3,10.0,1.759,2.815,10.762,22.206,37.61,4.75,0.092,0.026,0.27,0.28,0.0,0.0,0.0,0.0
21,20093sau,San Antonio upper,sau,3,2009,20093,13,3/28/09,,0.00,0.00,0.00,0.00,0,0,0,00,0,0,4,1,Mission ,0.0127,0.0259,0.5267,0.0037,0.0147,0.3341,,0,,138,34.467248,-119.773120,18.75,18.75,21.22,0.48,0.37,,12.10,8.84,,973.00,,,,546,33,513,97,0,33,0,362,0,17,379,31,87,4,122,1,11,318,84,125,366,0,0,140,108,12,17,24,310,193,461,66,254,249,24,37,475,15,542,73,28,33,424,89,325,208,13,0,413,133,26,0.69,15.2,1.8327,15.9201,-0.21654,-0.756,0.17969,,,,8.05,2.1,6.3,0.8,1.7,0.992,5.955,3.086,33.455,11.58,15.92,0.016,0.034,0.12,0.28,0.0,0.0,39.8,31.4
22,20093sjo,San Jose,sjo,3,2009,20093,10,3/26/09,,0.00,0.00,0.00,0.00,0,0,1,01,1,1,4,1,San Jose,0.0119,0.0260,0.5267,0.0119,0.0260,0.5267,,0,,321,34.492925,-119.803048,53.5,53.5,85.54,0.90,0.74,,11.40,10.17,,717.00,,,,253,24,229,0,0,24,0,63,1,137,201,10,16,0,26,1,1,171,51,30,63,0,0,28,26,0,136,7,179,66,106,146,84,143,25,105,132,15,122,28,103,24,211,18,118,132,3,3,212,38,21,0.69,13.5,0.9003,16.3408,0.76723,-0.30263,-0.14501,,,,8.36,1.4,14.6,0.3,3.8,0.848,3.952,3.194,17.485,17.28,9.51,0.034,0.016,0.32,0.48,0.4,0.0,0.4,0.0
23,20093sou,San Onofre upper,sou,3,2009,20093,2,4/4/09,Gaviota,0.00,0.00,0.00,0.00,0,0,0,00,0,0,3,1,HO00,0.0074,0.0253,0.5267,0.0015,0.0065,0.1461,0,0,,94,34.481451,-120.189003,4.75,4.75,86.49,1.12,0.82,,11.70,9.78,,797.00,,,,809,2,807,0,1,1,0,402,7,158,567,36,135,59,230,1,9,446,250,110,368,0,0,95,185,7,153,18,668,121,597,210,238,539,30,204,586,17,517,48,243,2,649,158,321,467,21,13,642,154,36,0.68,17.8,2.2726,15.5717,0.58426,-0.60789,-0.00706,,,,8.26,2.2,4.5,0.3,1.2,0.227,0.568,3.183,22.585,15.09,7.76,0.008,0,0.28,0.66,4.0,0.0,4.0,0.0
24,20093sys,San Ysidro,sys,3,2009,20093,24,3/21/09,,0.00,0.00,0.00,0.00,0,0,1,01,1,1,4,1,RS02,0.0144,0.0263,0.5267,0.0114,0.0150,0.1337,0,0,,199,34.452924,-119.621784,91.75,44.5,76.49,0.75,0.43,,12.90,9.80,,603.00,,,,280,13,267,0,1,12,0,71,6,121,198,46,19,0,65,0,4,177,89,14,69,0,0,28,72,0,111,26,195,59,101,179,86,170,24,140,112,28,56,37,187,13,229,38,102,150,28,16,234,30,31,0.70,18.7,0.7904,16.7005,1.07577,-0.30092,0.07625,,,,8.35,2.2,36.3,0.8,7.1,0.974,5.901,5.987,33.650,45.53,18.47,0.036,0.046,0.24,0.27,0.0,0.6,0.0,0.6
25,20096aho,Arroyo Hondo,aho,6,2009,20096,3,6/22/09,Gaviota,0,0,0,0,0,0,1,01,1,1,2,1,HO00,0.0037,0.0201,0.5267,0.0005,0.0050,0.1461,0,0,,75,34.489907,-120.143013,5,5,92.2,1.2,0.908,,16,8.24,,825,,,,135,0,135,0,0,0,0,42,2,65,109,7,7,1,15,9,2,75,50,8,40,0,0,7,21,0,66,4,96,34,53,81,46,81,7,43,88,3,84,1,49,0,125,10,77,58,0,3,125,7,19,0.73,15.4,0.3415,15.8540,0.74293,-0.31485,-0.49664,,,,8.01,1.2,8.4,0.1,3.2,0.546,1.256,2.923,10.610,17.98,4.67,0.00,0.00,0.36,0.56,0.0,0.0,3.8,0.0
28,20096ecm,El Capitan usual,ecm,6,2009,20096,8,6/22/09,,0,0,0,0,0,0,0,00,0,0,4,1,HO00,0.0037,0.0201,0.5267,0.0005,0.0050,0.1461,0,0,,124,34.482938,-120.017658,53.75,53.75,71.2,0.3,0.22,,15.3,2.9,,706,,,,445,172,273,18,0,172,0,20,0,78,98,17,8,132,157,18,0,44,66,331,20,0,0,193,175,2,73,2,123,316,339,102,188,238,15,35,401,5,245,178,40,172,131,142,381,64,0,5,128,312,17,0.71,12.1,2.4836,16.0644,0.12647,0.78276,-0.61441,,,,6.94,8.3,8.6,1.0,2.7,0.707,1.530,3.970,6.677,14.48,6.55,0.00,0.00,0.09,0.17,0.0,0.0,0.0,0.0
32,20096ref,Refugio,ref,6,2009,20096,6,6/21/09,,0.00,0.00,0.00,0.00,0,0,0,00,0,0,4,1,HO00,0.0034,0.0202,0.5267,0.0004,0.0051,0.1461,0,0,,126,34.506218,-120.064933,53.75,53.75,94.6,0.5,0.396,,17.6,8.37,,741,,,,750,43,707,4,1,42,0,35,0,111,146,43,202,228,473,88,0,67,372,311,29,0,0,101,512,3,109,4,478,268,542,208,250,454,46,187,559,4,609,47,98,43,321,386,586,164,0,3,323,424,22,0.71,12.3,2.9490,17.0780,0.19427,0.82986,-0.36957,,,,8.34,2.4,11.6,0.9,6.9,0.974,3.916,5.630,34.321,20.96,10.18,0.01,0.00,0.16,0.17,0.0,0.0,0.0,0.0
33,20096rom,Romero,rom,6,2009,20096,25,6/15/09,,0.00,0.00,0.00,0.00,0,0,0,00,0,0,4,1,RS02,0.0125,0.0205,0.5267,0.0109,0.0134,0.1337,0,0,,360,34.458571,-119.591069,37.67,37.67,96.6,0.5,0.366,,14.3,9.06,,657,,,,993,12,981,1,12,0,0,76,1,282,359,530,40,50,620,0,2,695,220,73,54,1,0,25,628,4,282,407,515,66,186,802,62,459,467,673,247,68,189,443,362,12,443,538,650,337,6,15,887,91,27,0.60,13.1,1.3286,16.5974,1.11929,0.34695,-0.04888,,,,8.23,4.5,13.3,1.6,9.3,0.974,2.165,6.929,30.748,43.14,5.45,0.03,0.00,0.13,0.26,0.0,0.0,0.0,0.0
35,20096sjo,San Jose,sjo,6,2009,20096,10,6/19/09,,0.00,0.00,0.00,0.00,0,0,1,01,1,1,4,1,San Jose,0.0031,0.0203,0.5267,0.0031,0.0203,0.5267,0,0,,321,34.492925,-119.803048,53.75,53.75,96.2,1.1,0.834,,15.3,8.61,,861,,,,274,21,253,0,0,21,0,122,1,71,194,44,11,0,55,3,1,184,59,31,122,0,0,29,53,0,70,34,125,115,162,112,129,99,46,66,200,8,178,43,53,21,213,40,194,78,2,3,242,29,22,0.73,14.6,1.9115,16.5711,0.59174,-0.47139,-0.40465,,,,8.42,0.9,10.8,0.6,4.4,0.650,1.768,5.197,16.998,18.91,6.42,0.03,0.01,0.53,0.30,0.0,0.0,0.0,0.0
36,20096sou,San Onofre upper,sou,6,2009,20096,2,6/21/09,Gaviota,0.00,0.00,0.00,0.00,0,0,0,00,0,0,3,1,HO00,0.0034,0.0202,0.5267,0.0004,0.0051,0.1461,0,0,,94,34.481451,-120.189003,5,5,90.4,1.1,0.798,,16,8.92,,879,,,,665,0,665,4,0,0,0,184,1,141,326,99,129,72,300,36,3,181,287,194,167,0,0,78,270,15,138,21,534,108,432,231,192,368,103,108,540,15,495,23,150,0,492,173,430,232,3,5,515,145,32,0.76,16.9,2.9116,15.9301,0.22394,0.08327,-0.44228,,,,8.28,1.5,5.0,0.4,1.6,0.722,3.212,3.140,19.164,34.49,13.38,0.01,0.01,0.19,0.53,0.0,0.0,0.0,0.0
37,20096sys,San Ysidro,sys,6,2009,20096,24,6/15/09,,0.00,0.00,0.00,0.00,0,0,1,01,1,1,4,1,RS02,0.0125,0.0205,0.5267,0.0109,0.0134,0.1337,0,0,,199,34.452924,-119.621784,92.00,44.75,84.7,0.7,0.466,,15.5,8.92,,651,,,,374,8,366,2,0,8,0,19,0,149,168,111,84,0,195,0,3,176,176,15,20,0,0,28,178,1,148,43,314,11,86,282,92,240,36,223,73,72,97,40,238,8,263,103,214,160,0,1,287,86,22,0.67,14.1,1.4323,17.7751,1.18399,0.1548,-0.34442,,,,8.26,2.1,22.9,0.5,10.3,1.624,5.125,4.222,17.215,24.48,18.91,0.06,0.07,0.27,0.27,0.0,0.0,0.0,0.0
38,20099aho,Arroyo Hondo,aho,9,2009,20099,3,9/18/09,Gaviota,0,0,0,0,0,0,1,01,1,1,3,1,HO00,0.0025,0.0164,0.5267,0.0001,0.0040,0.1461,,0,,75,34.489907,-120.143013,5.03,5.03,93.1,1.4,0.9,,17.2,4.92,,831,,,,160,1,159,0,1,0,0,65,0,49,114,0,7,0,7,1,37,60,48,52,65,0,37,6,6,0,46,0,143,17,110,50,60,100,0,8,152,0,143,3,14,1,158,1,102,58,0,1,121,38,11,0.73,9.3,0.9295,15.6030,,,,,,,7.74,1.6,43.0,0.1,4.0,0.785,2.314,1.841,9.690,14.96,10.12,0.01,0.02,0.28,0.64,0.0,0.0,0.0,1.1
45,20099ref,Refugio,ref,9,2009,20099,6,9/16/09,,0.00,0.00,0.00,0.00,0,0,0,00,0,0,4,1,HO00,0.0031,0.0165,0.5267,0.0003,0.0040,0.1461,,0,,126,34.506218,-120.064933,53.78,53.78,94.7,0.4,0.3,,17.2,7.84,,17.6,,,,598,14,584,0,0,14,0,64,0,198,262,17,174,53,244,28,50,62,389,147,65,0,49,42,237,7,198,22,499,77,340,258,249,331,18,128,469,1,535,25,38,14,381,203,506,92,0,1,333,264,22,0.71,13.6,2.1017,16.2413,,,,,,,8.42,1.7,16.3,0.1,5.1,0.502,1.750,4.417,23.213,13.16,0.53,0.01,0.02,0.24,0.27,0.0,0.0,0.0,0.0
46,20099rom,Romero,rom,9,2009,20099,25,9/15/09,,0.00,0.00,0.00,0.00,0,0,0,00,0,0,4,1,RS02,0.0040,0.0165,0.5267,0.0100,0.0123,0.1337,0,0,,360,34.458571,-119.591069,37.70,37.70,98.6,0.5,0.4,,17.4,8.06,,756,,,,924,23,901,2,23,0,0,106,0,389,495,288,52,64,404,2,0,546,299,79,106,0,0,9,424,3,384,249,594,81,240,684,55,603,266,481,403,40,392,254,280,23,543,358,580,341,3,24,785,115,22,0.67,12.1,1.1073,15.9481,,,,,,,8.15,5.8,12.2,1.3,6.1,0.947,1.272,4.850,7.536,17.57,5.95,0.01,0.00,0.17,0.31,0.0,0.0,0.0,6.2
48,20099sjo,San Jose,sjo,9,2009,20099,10,9/16/09,,0.00,0.00,0.00,0.00,0,0,1,01,1,1,4,1,San Jose,0.0031,0.0165,0.5267,0.0031,0.0165,0.5267,,0,,321,34.492925,-119.803048,53.78,53.78,92.6,1.2,0.8,,16.6,7.28,,895,,,,190,17,173,1,2,15,0,15,0,92,107,25,6,1,32,3,31,44,95,51,14,0,31,22,32,0,92,26,142,22,69,121,58,106,26,34,155,1,132,37,22,17,147,26,162,28,0,2,140,48,16,0.69,12.2,2.1743,16.9205,,,,,,,8.27,3.5,15.9,0.3,1.8,0.668,2.418,4.244,14.984,20.54,7.35,0.02,0.01,0.44,0.45,0.0,0.0,0.0,0.0
49,20099sou,San Onofre upper,sou,9,2009,20099,2,9/18/09,Gaviota,0.00,0.00,0.00,0.00,0,0,0,00,0,0,3,1,HO00,0.0025,0.0164,0.5267,0.0001,0.0040,0.1461,0,0,,94,34.481451,-120.189003,5.03,5.03,91.5,1.1,0.7,,17.3,6.51,,874,,,,719,6,713,0,0,6,0,113,0,237,350,52,194,87,333,11,19,118,413,188,113,0,15,170,158,28,235,11,605,103,421,298,236,429,54,30,676,13,478,38,203,6,579,134,587,132,0,3,573,143,27,0.66,13.8,3.9106,16.5717,,,,,,,7.82,1.8,16.9,0.1,2.4,0.487,1.527,3.898,22.087,20.32,5.08,0.01,0.02,0.30,0.50,0.0,0.0,0.0,0.0
50,20099sys,San Ysidro,sys,9,2009,20099,24,9/15/09,,0.00,0.00,0.00,0.00,0,0,1,01,1,1,4,1,RS02,0.0040,0.0165,0.5267,0.0100,0.0123,0.1337,0,0,,199,34.452924,-119.621784,92.03,44.78,92.2,0.7,0.4,,16.6,5.96,,794,,,,86,11,75,0,2,9,0,1,0,17,18,22,18,0,40,0,17,8,50,28,0,0,17,21,29,2,17,10,65,11,43,43,45,33,8,13,59,14,39,18,29,11,60,15,80,6,0,2,49,35,15,0.85,14.7,1.8790,19.3054,,,,,,,7.54,2.7,10.2,0.4,1.8,1.187,3.537,3.551,13.079,29.98,7.28,0.00,0.01,0.13,0.28,0.0,0.0,14.4,33.2
51,20106aho,Arroyo Hondo,aho,6,2010,20106,3,6/22/10,Gaviota,0,0,0,0,0,0,1,01,1,1,3,1,HO00,0.0139,0.0773,2.6051,0.0003,0.0675,2.6950,0,0,,75,34.489907,-120.143013,5.78,5.78,91.2,1.2,0.81,0.01,15.6,9.99,,765,,,,274,0,274,1,0,0,0,190,0,58,248,4,20,0,24,2,0,202,50,22,190,0,0,1,27,0,57,3,98,173,210,64,193,77,4,70,204,0,207,3,65,0,250,24,190,68,16,1,253,20,15,0.64,10.9,0.9987,15.7976,0.53435,-0.85269,-0.34987,,,,8.31,1.70,6.59,0.60,3.31,2.122,3.145,2.425,8.402,12.26,55.49,0.042,0.040,0.24,0.35,57.2,3.4,57.2,3.4
54,20106ecm,El Capitan usual,ecm,6,2010,20106,8,6/22/10,,0,0,0,0,0,0,0,00,0,0,4,1,HO00,0.0139,0.0773,2.6051,0.0003,0.0675,2.6950,0,0.21,0.67,124,34.482938,-120.017658,54.53,54.53,51.4,0.6,0.41,0.00,13.9,9.95,,536,,,,427,8,419,11,0,8,0,166,0,73,239,12,11,156,179,0,1,99,89,238,165,1,0,23,181,0,68,1,112,313,352,74,169,243,14,77,343,6,275,10,153,8,251,168,261,89,77,6,246,175,20,0.75,13.5,2.3488,16.0687,0.03063,-0.54507,-0.26845,,,,8.13,2.05,4.34,0.53,1.42,1.315,0.974,1.624,6.561,9.79,12.87,0.080,0.044,0.16,0.24,46.4,14.8,46.4,14.8
58,20106ref,Refugio,ref,6,2010,20106,6,6/20/10,,0.00,0.00,0.00,0.00,0,0,0,00,0,0,4,1,HO00,0.0099,0.0778,2.6051,0.0003,0.0681,2.6950,0,0,,126,34.506218,-120.064933,54.53,54.53,87.2,0.7,0.43,0.06,17.2,10.80,,701,,,,655,14,641,102,0,14,0,163,0,88,251,70,146,154,370,16,4,133,285,237,164,4,0,113,392,0,84,5,385,265,544,111,260,324,71,211,441,3,574,15,168,14,333,308,409,152,94,6,335,314,23,0.77,13.9,3.7711,16.1837,-0.08398,-0.06794,0.39799,,,,8.48,1.36,3.78,0.39,2.20,1.376,3.507,4.331,40.926,23.75,23.66,0.046,0.038,0.12,0.25,30.8,14.6,30.8,15.2
59,20106rom,Romero,rom,6,2010,20106,25,6/16/10,,0.00,0.00,0.00,0.00,0,0,0,00,0,0,4,1,RS02,0.0110,0.0789,2.6051,0.0217,0.0429,2.6051,0,0,,360,34.458571,-119.591069,38.45,38.45,89.9,0.8,0.51,0.15,14.5,9.59,,651,,,,536,19,517,9,19,0,0,67,0,242,309,149,23,28,200,0,8,379,118,38,63,7,0,14,222,2,237,122,344,69,149,386,48,356,131,351,166,18,139,118,288,19,337,180,220,294,22,31,455,50,24,0.65,14.5,0.4906,15.8768,0.97688,0.03859,0.15317,,,,8.32,2.12,3.17,0.23,1.98,1.022,1.317,7.416,21.058,18.58,2.28,0.049,0.031,0.21,0.27,1.8,0.0,1.8,0.4
61,20106sjo,San Jose,sjo,6,2010,20106,10,6/21/10,,0.00,0.00,0.00,0.00,0,0,1,01,1,1,4,1,San Jose,0.0119,0.0776,2.6051,0.0119,0.0776,2.6051,0,0,,321,34.492925,-119.803048,54.53,54.53,96.1,1.3,0.97,0.03,13.9,9.66,,780,,,,306,4,302,1,0,4,0,254,5,24,283,15,2,0,17,1,1,253,39,14,254,1,0,4,19,0,29,14,67,225,272,34,232,59,15,24,282,0,261,11,35,4,290,12,231,55,20,6,294,6,16,0.52,10.8,1.3000,15.9384,0.48748,-1.12424,-0.14365,,,,8.46,0.94,3.61,0.11,2.38,0.715,1.251,0.909,4.287,7.20,20.47,0.022,0.014,0.43,0.58,21.0,2.4,21.0,2.4
62,20106sol,San Onofre lower,sol,6,2010,20106,1,6/20/10,Gaviota,0.00,0.00,0.00,0.00,0,0,0,00,0,0,3,1,HO00,0.0099,0.0778,2.6051,0.0003,0.0681,2.6950,0,0,,68,34.478971,-120.189568,5.78,5.78,90.9,0.68,0.45,0.03,15.6,8.46,,904,,,,493,7,486,9,1,6,0,135,2,121,258,48,29,143,220,5,3,211,103,177,111,3,0,57,210,3,118,12,309,170,332,159,75,386,30,118,353,20,290,15,197,7,322,164,230,244,19,9,323,161,25,0.72,15.7,1.5670,16.1809,0.56235,0.14865,0.2698,,,,7.96,3.11,2.28,0.26,0.94,0.173,0.208,1.705,14.210,12.79,2.15,0.028,0.028,0.28,0.34,0.0,0.0,3.0,1.6
64,20106sys,San Ysidro,sys,6,2010,20106,24,6/16/10,,0.00,0.00,0.00,0.00,0,0,1,01,1,1,4,1,RS02,0.0110,0.0789,2.6051,0.0217,0.0429,2.6051,0,0,,199,34.452924,-119.621784,92.78,45.53,91.5,1.0,0.62,0.10,15.8,9.76,,629,,,,196,5,191,0,3,2,0,28,1,108,137,36,14,1,51,0,3,110,80,4,28,3,0,11,47,0,107,11,162,21,45,149,33,151,10,93,68,33,54,4,137,5,172,19,81,107,8,7,175,14,24,0.67,17.2,1.6051,17.1163,1.02059,-0.12181,-0.21497,,,,8.36,2.23,3.39,0.80,1.53,2.182,5.067,1.754,4.222,11.54,8.49,0.036,0.038,0.23,0.40,0.0,0.0,0.0,0.0